{
  "metadata": {
    "schema_version": 1,
    "min_platform_version": "3.0.0",
    "min_wire_compatibility_version": "7.17.0-SNAPSHOT"
  },
  "elasticsearch": {
    "docker_image": "docker.elastic.co/cloud-release/elasticsearch-cloud-ess:8.18.5",
    "plugins": [
      "analysis-icu",
      "analysis-kuromoji",
      "analysis-nori",
      "analysis-phonetic",
      "analysis-smartcn",
      "analysis-stempel",
      "analysis-ukrainian",
      "mapper-annotated-text",
      "mapper-murmur3",
      "mapper-size"
    ],
    "default_plugins": [
    ],
    "blacklist": [
      "node.name",
      "cluster.name",
      "processors",
      "node.roles",
      "node.master",
      "node.data",
      "node.ingest",
      "path.conf",
      "path.data",
      "path.logs",
      "path.plugins",
      "path.home",
      "network.publish_host",
      "network.bind_host",
      "http.port",
      "http.publish_port",
      "transport.tcp.port",
      "discovery.type",
      "discovery.zen.masterservice.type",
      "discovery.zen.ping.multicast.enabled",
      "discovery.zen.ping.unicast.hosts",
      "discovery.zen.minimum_master_nodes",
      "bootstrap.mlockall",
      "node.region",
      "node.availability_zone",
      "node.logical_availability_zone",
      "node.attr.region",
      "node.attr.availability_zone",
      "node.attr.logical_availability_zone",
      "cluster.routing.allocation.awareness.attributes",
      "node.max_local_storage_nodes",
      "gateway.type",
      "gateway.local.initial_meta",
      "found.rest_filter.required",
      "found.election.confirmed.enabled",
      "found.zookeeper.connection_string",
      "found.zookeeper.session_timeout",
      "found.zookeeper.acls",
      "found.zookeeper.auths",
      "cloud.aws.region",
      "cloud.aws.access_key",
      "cloud.aws.secret_key",
      "shield.transport.filter_enabled",
      "shield.authc.system_key.file",
      "xpack.ccr.enabled",
      "xpack.ilm.enabled",
      "xpack.security.system_key.required",
      "xpack.security.authc.reserved_realm.enabled",
      "xpack.security.authc.realms.found.type",
      "xpack.security.authc.realms.found.files.users",
      "xpack.security.authc.realms.found.files.users_roles",
      "xpack.security.authc.realms.found.order",
      "xpack.security.authc.realms.native.type",
      "xpack.security.authc.realms.native.order",
      "xpack.security.enabled",
      "shield.hide_settings"
    ],
    "node_types": [
      {
        "node_type": "data",
        "name": "Data",
        "description": "Data",
        "settings": {
          "instance_data": {
            "elasticsearch": {
              "node": {
                "data": true
              }
            }
          }
        },
        "compatible_node_types": [
          "master",
          "ingest"
        ]
      },
      {
        "node_type": "master",
        "name": "Master",
        "description": "Master",
        "settings": {
          "instance_data": {
            "elasticsearch": {
              "node": {
                "master": true
              }
            }
          }
        },
        "compatible_node_types": [
          "data",
          "ingest"
        ]
      },
      {
        "node_type": "ingest",
        "name": "Ingest",
        "description": "Ingest",
        "settings": {
          "instance_data": {
            "elasticsearch": {
              "node": {
                "ingest": true
              }
            }
          }
        },
        "compatible_node_types": [
          "master",
          "data"
        ]
      },
      {
        "node_type": "ml",
        "name": "Machine Learning",
        "description": "Machine Learning",
        "settings": {
          "instance_data": {
            "elasticsearch": {
              "node": {
                "ml": true
              }
            }
          }
        },
        "compatible_node_types": []
      }
    ],
    "settings": {
      "instance_data": {
        "elasticsearch": {
          "xpack": {
            "ml": {
              "enabled": true
            }
          }
        }
      }
    }
  },
  "kibana": {
    "docker_image": "docker.elastic.co/cloud-release/kibana-cloud:8.18.5",
    "blacklist": [
      "node.name",
      "cluster.name",
      "processors",
      "node.master",
      "node.data",
      "path.conf",
      "path.data",
      "path.logs",
      "path.plugins",
      "path.home",
      "network.publish_host",
      "network.bind_host",
      "http.port",
      "http.publish_port",
      "transport.tcp.port",
      "discovery.type",
      "discovery.zen.masterservice.type",
      "discovery.zen.ping.multicast.enabled",
      "discovery.zen.ping.unicast.hosts",
      "discovery.zen.minimum_master_nodes",
      "bootstrap.mlockall",
      "node.region",
      "node.availability_zone",
      "node.logical_availability_zone",
      "node.attr.region",
      "node.attr.availability_zone",
      "node.attr.logical_availability_zone",
      "cluster.routing.allocation.awareness.attributes",
      "node.max_local_storage_nodes",
      "gateway.type",
      "gateway.local.initial_meta",
      "found.rest_filter.required",
      "found.election.confirmed.enabled",
      "found.zookeeper.connection_string",
      "found.zookeeper.session_timeout",
      "found.zookeeper.acls",
      "found.zookeeper.auths",
      "cloud.aws.region",
      "cloud.aws.access_key",
      "cloud.aws.secret_key",
      "shield.transport.filter_enabled",
      "shield.authc.system_key.file",
      "xpack.ccr.ui.enabled",
      "xpack.ilm.filteredNodeAttributes",
      "xpack.ilm.ui.enabled",
      "xpack.remote_clusters.ui.enabled",
      "xpack.security.system_key.required",
      "xpack.security.authc.reserved_realm.enabled",
      "xpack.security.authc.realms.found.type",
      "xpack.security.authc.realms.found.files.users",
      "xpack.security.authc.realms.found.files.users_roles",
      "xpack.security.authc.realms.found.order",
      "xpack.security.authc.realms.native.type",
      "xpack.security.authc.realms.native.order",
      "xpack.security.enabled",
      "shield.hide_settings"
    ]
  },
  "apm": {
    "docker_image": "docker.elastic.co/cloud-release/elastic-agent-cloud:8.18.5",
    "blacklist": []
  },
  "enterprise_search": {
    "docker_image": "docker.elastic.co/cloud-release/enterprise-search-cloud:8.18.5",
    "blacklist": [
    ],
    "node_types": [
      {
        "node_type": "worker",
        "name": "Worker",
        "description": "Worker node",
        "settings": {
        },
        "compatible_node_types": [
          "appserver",
          "connector"
        ],
        "mandatory": true
      },
      {
        "node_type": "appserver",
        "name": "App-Server",
        "description": "App-Server node",
        "settings": {
        },
        "compatible_node_types": [
          "worker",
          "connector"
        ],
        "mandatory": true
      },
      {
        "node_type": "connector",
        "name": "Connector",
        "description": "Connector node",
        "settings": {
        },
        "compatible_node_types": [
          "appserver",
          "worker"
        ],
        "mandatory": true
      }
    ]
  }
}
